Word,file2_col1,file2_col2,file2_col3,file2_col4,file2_col5,file2_col6,file2_col7,file2_col8,file2_col9,file2_col10,file2_col11
## FOUND (past tense of FIND and FOUND establish),## FOUND (past tense of FIND and FOUND establish),,,,,,,,,,
## For example,## For example,the gerund form of verbs are occasionly found in the plural,such as,,,,,,,,
## LEFT (past tense of LEAVE and direction),## LEFT (past tense of LEAVE and direction),,,,,,,,,,
## MINE (pronoun and coal MINE),## MINE (pronoun and coal MINE),,,,,,,,,,
## Please send us a message if you find any homographs we have missed or mistakes we have made.,## Please send us a message if you find any homographs we have missed or mistakes we have made.,,,,,,,,,,
## ROSE (past tense of RISE and flower),## ROSE (past tense of RISE and flower),,,,,,,,,,
## Researchers will have to adjust the list according to the software they use.,## Researchers will have to adjust the list according to the software they use.,,,,,,,,,,
## Therefore all possible gerunds are pluralized even though the possibility of their occurrence,## Therefore all possible gerunds are pluralized even though the possibility of their occurrence,,,,,,,,,,
## This type of corpus analysis often has problems with homographs. In the NGSL,## This type of corpus analysis often has problems with homographs. In the NGSL,,,,,,,,,,
## WOUND (past tense of WIND and injury),## WOUND (past tense of WIND and injury),,,,,,,,,,
## We look at each word as a string of letters and count the frequency of occurrence of the string,## We look at each word as a string of letters and count the frequency of occurrence of the string,,,,,,,,,,
## account for the coverage of a word and all its possible word forms. It is an,## account for the coverage of a word and all its possible word forms. It is an,,,,,,,,,,
## and its inflected forms. For example the gerund form of verbs are occasionally found in the plural.,## and its inflected forms. For example the gerund form of verbs are occasionally found in the plural.,,,,,,,,,,
## attempt to account for all possible inflections of a word based on its part of speech.,## attempt to account for all possible inflections of a word based on its part of speech.,,,,,,,,,,
## buildings and paintings. Therefore all possible gerunds are also pluralized even,## buildings and paintings. Therefore all possible gerunds are also pluralized even,,,,,,,,,,
## for the coverage of the word and all its possible word forms irrespective of meaning sense.,## for the coverage of the word and all its possible word forms irrespective of meaning sense.,,,,,,,,,,
## is very low.,## is very low.,,,,,,,,,,
## these homographs will need further analysis on the part of the researcher. These homograph include:,## these homographs will need further analysis on the part of the researcher. These homograph include:,,,,,,,,,,
## though the possibility of their occurance is very low. Additionally,## though the possibility of their occurance is very low. Additionally,spelling,,,,,,,,,
## variations are also included.,## variations are also included.,,,,,,,,,,
abdominal,abdominal,abdominals,,,,,,,,,
abide,abide,abides,abided,abiding,abidings,,,,,,
absorption,absorption,absorptions,,,,,,,,,
acceleration,acceleration,accelerations,,,,,,,,,
accessory,accessory,accessories,,,,,,,,,
acclaim,acclaim,acclaims,acclaimed,acclaiming,acclaimings,,,,,,
accomplishment,accomplishment,accomplishments,,,,,,,,,
accumulation,accumulation,accumulations,,,,,,,,,
acidic,acidic,acidics,,,,,,,,,
adapter,adapter,adapters,,,,,,,,,
adaptive,adaptive,adaptives,,,,,,,,,
adhere,adhere,adheres,adhered,adhering,adhereing,adhereings,,,,,
advancement,advancement,advancements,,,,,,,,,
advertiser,advertiser,advertisers,,,,,,,,,
advisable,advisable,advisables,,,,,,,,,
aerosol,aerosol,aerosols,,,,,,,,,
affirm,affirm,affirms,affirmed,affirming,affirmings,,,,,,
affirmative,affirmative,affirmatives,,,,,,,,,
airfare,airfare,airfares,,,,,,,,,
aisle,aisle,aisles,,,,,,,,,
algebra,algebra,algebras,,,,,,,,,
algorithm,algorithm,algorithms,,,,,,,,,
allergy,allergy,allergies,,,,,,,,,
altitude,altitude,altitudes,,,,,,,,,
amenity,amenity,amenities,,,,,,,,,
amino,amino,,,,,,,,,,
ample,ample,ampler,,,,,,,,,
amplitude,amplitude,amplitudes,,,,,,,,,
anew,anew,,,,,,,,,,
announcer,announcer,announcers,,,,,,,,,
anthropology,anthropology,anthropologies,,,,,,,,,
anti,anti,antis,,,,,,,,,
antiquity,antiquity,antiquities,,,,,,,,,
anyhow,anyhow,,,,,,,,,,
anytime,anytime,,,,,,,,,,
appendix,appendix,appendices,appendixes,,,,,,,,
appetizer,appetizer,appetizers,,,,,,,,,
applause,applause,,,,,,,,,,
appliance,appliance,appliances,,,,,,,,,
apprehensive,apprehensive,,,,,,,,,,
apprentice,apprentice,apprentices,apprenticed,apprenticing,apprenticings,,,,,,
approximate,approximate,approximates,approximated,approximating,approximatings,,,,,,
approximation,approximation,approximations,,,,,,,,,
arbitrary,arbitrary,,,,,,,,,,
archaeology,archaeology,archaeologies,,,,,,,,,
artwork,artwork,artworks,,,,,,,,,
atomic,atomic,atomics,,,,,,,,,
attendee,attendee,attendees,,,,,,,,,
attire,attire,attires,attired,attiring,attirings,,,,,,
audition,audition,auditions,auditioned,auditioning,auditionings,,,,,,
auditorium,auditorium,auditoriums,,,,,,,,,
authorization,authorization,authorizations,authorisation,authorisations,,,,,,,
automate,automate,automates,automated,automating,automatings,,,,,,
automotive,automotive,,,,,,,,,,
axiom,axiom,axioms,,,,,,,,,
backpack,backpack,backpacks,backpacked,backpacking,backpackings,,,,,,
bacterial,bacterial,bacterials,,,,,,,,,
badge,badge,badges,badged,badging,badgings,,,,,,
baggage,baggage,baggages,,,,,,,,,
baker,baker,bakers,,,,,,,,,
bakery,bakery,bakeries,,,,,,,,,
ballroom,ballroom,ballrooms,,,,,,,,,
bankrupt,bankrupt,bankrupts,bankrupted,bankrupting,bankruptings,,,,,,
banquet,banquet,banquets,banquetted,banqueting,banquetings,,,,,,
barbecue,barbecue,barbecues,barbecued,barbecuing,barbecuings,barbeque,barbeques,barbequed,barbequing,barbequings,bbq
beforehand,beforehand,,,,,,,,,,
beginner,beginner,beginners,,,,,,,,,
beverage,beverage,beverages,,,,,,,,,
binary,binary,binarys,binaries,,,,,,,,
biodiversity,biodiversity,,,,,,,,,,
biologist,biologist,biologists,,,,,,,,,
blueprint,blueprint,blueprints,,,,,,,,,
boardroom,boardroom,boardrooms,,,,,,,,,
bodily,bodily,,,,,,,,,,
bookcase,bookcase,bookcases,,,,,,,,,
booklet,booklet,booklets,,,,,,,,,
bookstore,bookstore,bookstores,,,,,,,,,
booth,booth,booths,,,,,,,,,
brainstorm,brainstorm,brainstorms,brainstormed,brainstorming,brainstormings,,,,,,
briefcase,briefcase,briefcases,,,,,,,,,
broom,broom,brooms,,,,,,,,,
browse,browse,browses,browsed,browsing,browsings,,,,,,
buffet,buffet,buffets,buffetted,buffetting,buffettings,buffeted,buffeting,buffetings,,,
bulletin,bulletin,bulletins,,,,,,,,,
businessperson,businessperson,businesspersons,businesspeople,,,,,,,,
by-law,by-law,by-laws,by law,by laws,,,,,,,
cafeteria,cafeteria,cafeterias,,,,,,,,,
caf�,caf�,caf�s,cafe,cafes,,,,,,,
calculator,calculator,calculators,,,,,,,,,
calculus,calculus,,,,,,,,,,
cancellation,cancellation,cancellations,,,,,,,,,
candy,candy,candies,candied,candying,candyings,,,,,,
capillary,capillary,capillaries,,,,,,,,,
careless,careless,,,,,,,,,,
carpenter,carpenter,carpenters,carpentered,carpentering,carpenterings,,,,,,
carton,carton,cartons,,,,,,,,,
cartridge,cartridge,cartridges,,,,,,,,,
cashier,cashier,cashiers,cashiered,cashiering,cashierings,,,,,,
caterer,caterer,caterers,,,,,,,,,
cellphone,cellphone,cellphones,cell phone,cell phones,,,,,,,
censor,censor,censors,censored,censoring,censorings,,,,,,
centimeter,centimeter,centimeters,centimetre,centimetres,,,,,,,
certification,certification,certifications,,,,,,,,,
certify,certify,certifies,certified,certifying,certifyings,,,,,,
chairperson,chairperson,chairpersons,,,,,,,,,
characterization,characterization,characterizations,characterisation,characterisations,,,,,,,
charitable,charitable,charitables,,,,,,,,,
checkout,checkout,checkouts,,,,,,,,,
checkup,checkup,checkups,,,,,,,,,
cheeseburger,cheeseburger,cheeseburgers,,,,,,,,,
chemotherapy,chemotherapy,chemotherapies,,,,,,,,,
chilly,chilly,chillier,chilliest,,,,,,,,
chloride,chloride,chlorides,,,,,,,,,
circa,circa,,,,,,,,,,
circus,circus,circuses,,,,,,,,,
clap,clap,claps,clapped,clapping,clappings,,,,,,
cleanliness,cleanliness,,,,,,,,,,
clone,clone,clones,cloned,cloning,clonings,,,,,,
closet,closet,closets,closeted,closetting,closettings,,,,,,
cloudy,cloudy,cloudier,cloudiest,,,,,,,,
coefficient,coefficient,coefficients,,,,,,,,,
comb,comb,combs,combed,combing,combings,,,,,,
comfortably,comfortably,,,,,,,,,,
comma,comma,commas,,,,,,,,,
communicative,communicative,,,,,,,,,,
commute,commute,commutes,commuted,commuting,commutings,,,,,,
commuter,commuter,commuters,,,,,,,,,
compartment,compartment,compartments,compartmented,,,,,,,,
complimentary,complimentary,,,,,,,,,,
computation,computation,computations,,,,,,,,,
concierge,concierge,concierges,,,,,,,,,
conditional,conditional,conditionals,,,,,,,,,
conditioner,conditioner,conditioners,,,,,,,,,
condominium,condominium,condominiums,,,,,,,,,
conduction,conduction,,,,,,,,,,
conductor,conductor,conductors,,,,,,,,,
cone,cone,cones,,,,,,,,,
confidential,confidential,confidentials,,,,,,,,,
confound,confound,confounds,confounded,confounding,confoundings,,,,,,
congestion,congestion,congestions,,,,,,,,,
congruent,congruent,,,,,,,,,,
connector,connector,connectors,,,,,,,,,
connotation,connotation,connotations,,,,,,,,,
conserve,conserve,conserves,conserved,conserving,conservings,,,,,,
considerate,considerate,,,,,,,,,,
consignment,consignment,consignments,,,,,,,,,
consonant,consonant,consonants,,,,,,,,,
contestant,contestant,contestants,,,,,,,,,
continental,continental,continentals,,,,,,,,,
contour,contour,contours,contoured,contouring,contourings,,,,,,
contraction,contraction,contractions,,,,,,,,,
contradict,contradict,contradicts,contradicted,contradicting,contradictings,,,,,,
contradictory,contradictory,,,,,,,,,,
conveniently,conveniently,,,,,,,,,,
converge,converge,converges,converged,converging,convergings,,,,,,
convergence,convergence,convergences,,,,,,,,,
cookbook,cookbook,cookbooks,,,,,,,,,
cooler,cooler,coolers,,,,,,,,,
coordinator,coordinator,coordinators,,,,,,,,,
copier,copier,copiers,,,,,,,,,
cordless,cordless,,,,,,,,,,
coronary,coronary,,,,,,,,,,
corpus,corpus,,,,,,,,,,
cortex,cortex,cortexes,cortices,,,,,,,,
cosmetic,cosmetic,cosmetics,,,,,,,,,
coupon,coupon,coupons,,,,,,,,,
courier,courier,couriers,couriered,couriering,courierings,,,,,,
coworker,coworker,coworkers,,,,,,,,,
crane,crane,cranes,craned,craning,cranings,,,,,,
critically,critically,,,,,,,,,,
culinary,culinary,,,,,,,,,,
cumulative,cumulative,,,,,,,,,,
customize,customize,customizes,customized,customizing,customise,customises,customised,customising,customisings,,
cyclic,cyclic,cyclics,,,,,,,,,
cylinder,cylinder,cylinders,,,,,,,,,
daytime,daytime,daytimes,,,,,,,,,
dealership,dealership,dealerships,,,,,,,,,
debit,debit,debits,debited,debiting,debitings,,,,,,
deceive,deceive,deceives,deceived,deceiving,deceivings,,,,,,
dedication,dedication,dedications,,,,,,,,,
deduct,deduct,deducts,deducted,deducting,deductings,,,,,,
deduction,deduction,deductions,,,,,,,,,
defective,defective,,,,,,,,,,
deficiency,deficiency,deficiencies,,,,,,,,,
deflection,deflection,deflections,,,,,,,,,
degrade,degrade,degrades,degraded,degrading,degradings,,,,,,
delta,delta,deltas,,,,,,,,,
deluxe,deluxe,,,,,,,,,,
demolish,demolish,demolishes,demolished,demolishing,demolishings,,,,,,
demonstrator,demonstrator,demonstrators,,,,,,,,,
denominator,denominator,denominators,,,,,,,,,
dental,dental,dentals,,,,,,,,,
departmental,departmental,departmentals,,,,,,,,,
dependable,dependable,dependables,,,,,,,,,
descendent,descendent,descendents,,,,,,,,,
descriptive,descriptive,,,,,,,,,,
descriptor,descriptor,descriptors,,,,,,,,,
dessert,dessert,desserts,,,,,,,,,
detach,detach,detaches,detached,detaching,detachings,,,,,,
detection,detection,detections,,,,,,,,,
deviation,deviation,deviations,,,,,,,,,
diagnostic,diagnostic,diagnostics,,,,,,,,,
differentiation,differentiation,differentiations,,,,,,,,,
diffusion,diffusion,diffusions,,,,,,,,,
dilute,dilute,dilutes,diluted,diluting,dilutings,,,,,,
dimensional,dimensional,dimensionals,,,,,,,,,
diner,diner,diners,,,,,,,,,
diploma,diploma,diplomas,,,,,,,,,
disconnect,disconnect,disconnects,disconnected,disconnecting,disconnectings,,,,,,
discontinue,discontinue,discontinues,discontinued,discontinuing,discontinuings,,,,,,
discrepancy,discrepancy,discrepancies,,,,,,,,,
discrete,discrete,,,,,,,,,,
dishwasher,dishwasher,dishwashers,,,,,,,,,
displacement,displacement,displacements,,,,,,,,,
disruption,disruption,disruptions,,,,,,,,,
dissatisfy,dissatisfy,dissatisfied,dissatisfies,dissatisfying,dissatisfyings,,,,,,
dissection,dissection,dissections,,,,,,,,,
dissertation,dissertation,dissertations,,,,,,,,,
distraction,distraction,distractions,,,,,,,,,
distractor,distractor,distractors,distracter,distracters,,,,,,,
domination,domination,dominations,,,,,,,,,
donut,donut,donuts,doughnuts,doughnut,,,,,,,
doorman,doorman,doormen,,,,,,,,,
downsize,downsize,downsizes,downsized,downsizing,downsizings,,,,,,
downturn,downturn,downturns,,,,,,,,,
drastically,drastically,,,,,,,,,,
duplicate,duplicate,duplicates,duplicated,duplicating,duplicatings,,,,,,
durable,durable,durables,,,,,,,,,
dye,dye,dyes,dyed,dyeing,dyeings,,,,,,
e-book,e-book,e-books,e book,e books,ebook,ebooks,,,,,
ecological,ecological,ecologicals,,,,,,,,,
ecology,ecology,ecologies,,,,,,,,,
economical,economical,economicals,,,,,,,,,
economize,economize,economizes,economized,economizing,economise,economises,economised,economising,economisings,,
elastic,elastic,elastics,,,,,,,,,
elasticity,elasticity,elasticities,,,,,,,,,
electrician,electrician,electricians,,,,,,,,,
electronically,electronically,,,,,,,,,,
elevation,elevation,elevations,,,,,,,,,
elevator,elevator,elevators,,,,,,,,,
elimination,elimination,eliminations,,,,,,,,,
emit,emit,emits,emitted,emitting,emittings,,,,,,
emperor,emperor,emperors,,,,,,,,,
encode,encode,encodes,encoded,encoding,encodings,,,,,,
energetic,energetic,energetics,,,,,,,,,
enormously,enormously,,,,,,,,,,
enrollment,enrollment,enrollments,enrolments,enrolment,,,,,,,
enthusiast,enthusiast,enthusiasts,,,,,,,,,
enthusiastically,enthusiastically,,,,,,,,,,
entrant,entrant,entrants,,,,,,,,,
entr�e,entr�e,entr�es,entree,entrees,,,,,,,
environmentally,environmentally,,,,,,,,,,
epidemiology,epidemiology,epidemiologies,,,,,,,,,
equivalence,equivalence,equivalences,,,,,,,,,
erase,erase,erases,erased,erasing,erasings,,,,,,
escalator,escalator,escalators,,,,,,,,,
estimation,estimation,estimations,,,,,,,,,
evacuate,evacuate,evacuates,evacuated,evacuating,evacuatings,,,,,,
evenly,evenly,,,,,,,,,,
excellence,excellence,excellences,,,,,,,,,
excursion,excursion,excursions,,,,,,,,,
exemption,exemption,exemptions,,,,,,,,,
expedite,expedite,expedited,,,,,,,,,
expiration,expiration,,,,,,,,,,
explanatory,explanatory,,,,,,,,,,
explorer,explorer,explorers,,,,,,,,,
exponential,exponential,exponentials,,,,,,,,,
extinguisher,extinguisher,extinguishers,,,,,,,,,
facet,facet,facets,faceted,faceting,facetings,,,,,,
factorial,factorial,factorials,,,,,,,,,
factual,factual,factuals,,,,,,,,,
familiarity,familiarity,familiarities,,,,,,,,,
familiarize,familiarize,familiarizes,familiarized,familiarizing,familiarise,familiarises,familiarised,familiarising,familiarisings,,
farewell,farewell,farewells,,,,,,,,,
fasten,fasten,fastens,fastened,fastening,fastenings,,,,,,
fatigue,fatigue,fatigues,fatigued,fatiguing,fatiguings,,,,,,
faulty,faulty,,,,,,,,,,
fetal,fetal,foetal,,,,,,,,,
fin,fin,fins,finned,finning,finnings,,,,,,
finalize,finalize,finalizes,finalized,finalizing,finalise,finalises,finalised,finalising,finalisings,,
finite,finite,,,,,,,,,,
firefighter,firefighter,firefighters,,,,,,,,,
firework,firework,fireworks,,,,,,,,,
fixture,fixture,fixtures,,,,,,,,,
flextime,flextime,,,,,,,,,,
fluent,fluent,,,,,,,,,,
flux,flux,fluxes,fluxed,fluxing,fluxings,,,,,,
flyer,flyer,flyers,,,,,,,,,
fog,fog,fogs,fogged,fogging,foggings,,,,,,
folder,folder,folders,,,,,,,,,
footnote,footnote,footnotes,footnoted,footnoting,footnotings,,,,,,
footwear,footwear,footwears,,,,,,,,,
foreman,foreman,foremen,foremans,,,,,,,,
formulation,formulation,formulations,,,,,,,,,
found,found,founded,founds,founding,foundings,,,,,,
founds,founds,founded,founding,foundings,,,,,,,
fountain,fountain,fountains,fountained,fountaining,fountainings,,,,,,
fracture,fracture,fractures,fractured,fracturing,fracturings,,,,,,
freelance,freelance,freelances,freelanced,freelancing,freelancings,,,,,,
freight,freight,freights,freighted,freighting,freightings,,,,,,
freighter,freighter,freighters,,,,,,,,,
friction,friction,frictions,,,,,,,,,
fundraise,fundraise,fundraises,fundraised,fundraising,fundraisings,,,,,,
fungus,fungus,fungi,,,,,,,,,
garbage,garbage,garbages,,,,,,,,,
gardener,gardener,gardeners,,,,,,,,,
gasoline,gasoline,gasolines,,,,,,,,,
generalization,generalization,generalizations,generalisation,generalisations,,,,,,,
generator,generator,generators,,,,,,,,,
genetically,genetically,,,,,,,,,,
genetics,genetics,,,,,,,,,,
getaway,getaway,getaways,,,,,,,,,
goods,goods,,,,,,,,,,
gradient,gradient,gradients,,,,,,,,,
graduation,graduation,graduations,,,,,,,,,
gram,gram,grams,,,,,,,,,
grammatical,grammatical,grammaticals,,,,,,,,,
gum,gum,gums,gummed,gumming,gummings,,,,,,
gymnasium,gymnasium,gymnasiums,,,,,,,,,
habitual,habitual,habituals,,,,,,,,,
hacker,hacker,hackers,,,,,,,,,
hallway,hallway,hallways,,,,,,,,,
hamburger,hamburger,hamburgers,,,,,,,,,
handbook,handbook,handbooks,,,,,,,,,
handout,handout,handouts,,,,,,,,,
hardworking,hardworking,hardworkings,,,,,,,,,
hawk,hawk,hawks,hawked,hawking,hawkings,,,,,,
hazardous,hazardous,,,,,,,,,,
headphone,headphone,headphones,,,,,,,,,
healthcare,healthcare,,,,,,,,,,
healthful,healthful,,,,,,,,,,
heater,heater,heaters,,,,,,,,,
helix,helix,helixes,helices,,,,,,,,
hepatitis,hepatitis,,,,,,,,,,
herbicide,herbicide,herbicides,,,,,,,,,
hereby,hereby,,,,,,,,,,
hesitant,hesitant,,,,,,,,,,
hesitation,hesitation,hesitations,,,,,,,,,
hiker,hiker,hikers,,,,,,,,,
homemade,homemade,homemades,,,,,,,,,
homeowner,homeowner,homeowners,,,,,,,,,
hotline,hotline,hotlines,,,,,,,,,
hourly,hourly,,,,,,,,,,
housekeep,housekeep,housekeeps,housekept,housekeeping,housekeepings,,,,,,
housekeeper,housekeeper,housekeepers,,,,,,,,,
humidity,humidity,humidities,,,,,,,,,
hygiene,hygiene,,,,,,,,,,
ice cream,ice cream,ice creams,ice-cream,ice-creams,,,,,,,
icy,icy,icier,,,,,,,,,
ideally,ideally,,,,,,,,,,
illogical,illogical,illogicals,,,,,,,,,
impatient,impatient,,,,,,,,,,
inclusive,inclusive,,,,,,,,,,
incoming,incoming,incomings,,,,,,,,,
incomplete,incomplete,,,,,,,,,,
inconvenience,inconvenience,inconveniences,inconvenienced,inconveniencing,inconveniencings,,,,,,
incumbent,incumbent,incumbents,,,,,,,,,
indifference,indifference,indifferences,,,,,,,,,
induction,induction,inductions,,,,,,,,,
industrialization,industrialization,industrializations,industrialisation,industrialisations,,,,,,,
industrialize,industrialize,industrializes,industrialized,industrializing,industrialise,industrialises,industrialised,industrialising,industrialisings,,
inefficient,inefficient,,,,,,,,,,
inexpensive,inexpensive,,,,,,,,,,
inexperience,inexperience,inexperienced,,,,,,,,,
infectious,infectious,,,,,,,,,,
infer,infer,infers,inferred,inferring,inferrings,,,,,,
inference,inference,inferences,,,,,,,,,
inferior,inferior,inferiors,,,,,,,,,
infinite,infinite,,,,,,,,,,
infinity,infinity,infinities,infinitys,,,,,,,,
inflate,inflate,inflates,inflated,inflating,inflatings,,,,,,
informative,informative,,,,,,,,,,
inhibition,inhibition,inhibitions,,,,,,,,,
initiation,initiation,initiations,,,,,,,,,
innate,innate,,,,,,,,,,
inquire,inquire,inquires,inquired,inquiring,inquirings,,,,,,
instability,instability,instabilities,,,,,,,,,
intently,intently,,,,,,,,,,
intern,intern,interns,interned,interning,internings,,,,,,
internationally,internationally,,,,,,,,,,
internet,internet,internets,,,,,,,,,
internship,internship,internships,,,,,,,,,
intersection,intersection,intersections,,,,,,,,,
interviewer,interviewer,interviewers,,,,,,,,,
intonation,intonation,intonations,,,,,,,,,
introductory,introductory,,,,,,,,,,
invaluable,invaluable,invaluables,,,,,,,,,
inversion,inversion,inversions,,,,,,,,,
invert,invert,inverts,inverted,inverting,invertings,,,,,,
ion,ion,ions,,,,,,,,,
irregular,irregular,irregulars,,,,,,,,,
irrigation,irrigation,irrigations,,,,,,,,,
itinerary,itinerary,itineraries,,,,,,,,,
jog,jog,jogs,jogged,jogging,joggings,,,,,,
kilogram,kilogram,kilograms,,,,,,,,,
knowledgeable,knowledgeable,knowledgeables,,,,,,,,,
lateral,lateral,laterals,,,,,,,,,
laundry,laundry,laundries,,,,,,,,,
layoff,layoff,layoffs,,,,,,,,,
lecturer,lecturer,lecturers,,,,,,,,,
letterhead,letterhead,letterheads,,,,,,,,,
lever,lever,levers,levered,levering,leverings,,,,,,
lexical,lexical,lexicals,,,,,,,,,
librarian,librarian,librarians,,,,,,,,,
lifeguard,lifeguard,lifeguards,,,,,,,,,
lighter,lighter,lighters,,,,,,,,,
lightweight,lightweight,lightweights,,,,,,,,,
linguistics,linguistics,,,,,,,,,,
liter,liter,liters,litres,litre,,,,,,,
locker,locker,lockers,,,,,,,,,
locus,locus,locuses,loci,,,,,,,,
login,login,logins,log in,logs in,logged in,logging in,loggings in,,,,
logo,logo,logos,,,,,,,,,
longitudinal,longitudinal,longitudinals,,,,,,,,,
loudly,loudly,,,,,,,,,,
luncheon,luncheon,luncheons,,,,,,,,,
lunchtime,lunchtime,lunchtimes,,,,,,,,,
ma'am,ma'am,ma'ams,,,,,,,,,
malfunction,malfunction,malfunctions,malfunctioned,malfunctioning,malfunctionings,,,,,,
managerial,managerial,managerials,,,,,,,,,
marrow,marrow,marrows,,,,,,,,,
massage,massage,massages,massaged,massaging,massagings,,,,,,
media,media,,,,,,,,,,
mediate,mediate,mediates,mediated,mediating,mediatings,,,,,,
memorandum,memorandum,memorandums,memoranda,,,,,,,,
memorize,memorize,memorizes,memorized,memorizing,memorise,memorises,memorised,memorising,memorisings,,
merchandise,merchandise,merchandises,merchandised,merchandising,merchandisings,merchandize,merchandizes,merchandized,merchandizing,merchandizings,
mercury,mercury,,,,,,,,,,
messenger,messenger,messengers,,,,,,,,,
metabolism,metabolism,metabolisms,,,,,,,,,
micro,micro,,,,,,,,,,
microscope,microscope,microscopes,,,,,,,,,
microwave,microwave,microwaves,microwaved,microwaving,microwavings,,,,,,
migrate,migrate,migrates,migrated,migrating,migratings,,,,,,
mileage,mileage,mileages,,,,,,,,,
millimeter,millimeter,millimeters,millimetres,millimetre,,,,,,,
mini,mini,,,,,,,,,,
misidentify,misidentify,misidentifies,misidentified,misidentifying,misidentifyings,,,,,,
misplace,misplace,misplaces,misplaced,misplacing,misplacings,,,,,,
mister,mister,misters,mr,Mister,Misters,Mr,,,,,
modem,modem,modems,,,,,,,,,
mole,mole,moles,,,,,,,,,
morphological,morphological,morphologicals,,,,,,,,,
morphology,morphology,morphologies,,,,,,,,,
mosquito,mosquito,mosquitos,mosquitoe,mosquitoes,,,,,,,
motif,motif,motifs,,,,,,,,,
motorcycle,motorcycle,motorcycles,,,,,,,,,
mower,mower,mowers,,,,,,,,,
multi,multi,,,,,,,,,,
mutation,mutation,mutations,,,,,,,,,
nap,nap,naps,napped,napping,nappings,,,,,,
nationalism,nationalism,nationalisms,,,,,,,,,
necklace,necklace,necklaces,necklaced,necklacing,necklacings,,,,,,
needy,needy,needier,neediest,,,,,,,,
neo,neo,,,,,,,,,,
neural,neural,neurals,,,,,,,,,
neuron,neuron,neurons,neurone,neurones,,,,,,,
newsletter,newsletter,newsletters,,,,,,,,,
newsstand,newsstand,newsstands,,,,,,,,,
niche,niche,nich�,niches,nich�s,,,,,,,
nitrogen,nitrogen,nitrogens,,,,,,,,,
nominal,nominal,nominals,,,,,,,,,
nonlinear,nonlinear,nonlinears,,,,,,,,,
notation,notation,notations,,,,,,,,,
novice,novice,novices,,,,,,,,,
null,null,nulls,nulled,nulling,nullings,,,,,,
numerical,numerical,numericals,,,,,,,,,
nutrition,nutrition,,,,,,,,,,
o'clock,o'clock,o'clocks,o clock,o clocks,oclock,oclocks,,,,,
obligate,obligate,obligated,obligating,obligates,,,,,,,
occupancy,occupancy,occupancies,,,,,,,,,
occupant,occupant,occupants,,,,,,,,,
onwards,onwards,,,,,,,,,,
optical,optical,opticals,,,,,,,,,
optimum,optimum,,,,,,,,,,
optional,optional,optionals,,,,,,,,,
oscillation,oscillation,oscillations,,,,,,,,,
outage,outage,outages,,,,,,,,,
outdate,outdate,outdates,outdated,outdating,outdatings,,,,,,
oval,oval,ovals,,,,,,,,,
overcharge,overcharge,overcharges,overcharged,overcharging,overchargings,,,,,,
overcrowd,overcrowd,overcrowds,overcrowded,overcrowding,overcrowdings,,,,,,
overdue,overdue,,,,,,,,,,
overpay,overpay,overpaid,overpaying,overpays,,,,,,,
overtime,overtime,,,,,,,,,,
oxidize,oxidize,oxidizes,oxidized,oxidizing,oxidizings,oxidise,oxidises,oxidised,oxidising,oxidisings,
pamphlet,pamphlet,pamphlets,,,,,,,,,
paperback,paperback,paperbacks,,,,,,,,,
paperwork,paperwork,paperworks,,,,,,,,,
paradox,paradox,paradoxes,,,,,,,,,
paralegal,paralegal,paralegals,,,,,,,,,
paraphrase,paraphrase,paraphrases,paraphrased,paraphrasing,paraphrasings,,,,,,
parenthesis,parenthesis,parentheses,,,,,,,,,
partition,partition,partitions,partitioned,partitioning,partitionings,,,,,,
password,password,passwords,,,,,,,,,
pasta,pasta,pastas,,,,,,,,,
pastry,pastry,pastries,,,,,,,,,
payable,payable,payables,,,,,,,,,
paycheck,paycheck,paychecks,,,,,,,,,
payroll,payroll,payrolls,,,,,,,,,
pedestrian,pedestrian,pedestrians,,,,,,,,,
penalize,penalize,penalizes,penalized,penalizing,penalise,penalises,penalised,penalising,penalisings,,
periodic,periodic,periodics,,,,,,,,,
periodical,periodical,periodicals,,,,,,,,,
periodically,periodically,,,,,,,,,,
personalize,personalize,personalizes,personalized,personalizing,personalise,personalises,personalised,personalising,personalisings,,
pest,pest,pests,,,,,,,,,
pesticide,pesticide,pesticides,,,,,,,,,
pharmacist,pharmacist,pharmacists,,,,,,,,,
pharmacy,pharmacy,pharmacies,,,,,,,,,
phenomenal,phenomenal,phenomenals,,,,,,,,,
phonological,phonological,phonologicals,,,,,,,,,
phosphate,phosphate,phosphates,,,,,,,,,
photocopier,photocopier,photocopiers,,,,,,,,,
photocopy,photocopy,photocopies,photocopied,photocopying,photocopyings,,,,,,
photographic,photographic,photographics,,,,,,,,,
physiological,physiological,physiologicals,,,,,,,,,
pi,pi,,,,,,,,,,
plantation,plantation,plantations,,,,,,,,,
plausible,plausible,plausibles,,,,,,,,,
plumber,plumber,plumbers,,,,,,,,,
plural,plural,plurals,,,,,,,,,
polar,polar,polars,,,,,,,,,
popcorn,popcorn,,,,,,,,,,
portrayal,portrayal,portrayals,,,,,,,,,
postage,postage,postages,,,,,,,,,
postal,postal,postals,,,,,,,,,
postgraduate,postgraduate,postgraduates,,,,,,,,,
potassium,potassium,,,,,,,,,,
pottery,pottery,potteries,,,,,,,,,
pre,pre,,,,,,,,,,
precipitate,precipitate,precipitates,precipitated,precipitating,precipitatings,,,,,,
precipitation,precipitation,precipitations,,,,,,,,,
presenter,presenter,presenters,,,,,,,,,
prestigious,prestigious,,,,,,,,,,
prevalence,prevalence,prevalences,,,,,,,,,
preview,preview,previews,previewed,previewing,previewings,,,,,,
primer,primer,primers,,,,,,,,,
professionally,professionally,,,,,,,,,,
proficiency,proficiency,proficiencies,,,,,,,,,
programmer,programmer,programmers,programer,programers,,,,,,,
progression,progression,progressions,,,,,,,,,
projector,projector,projectors,,,,,,,,,
promotional,promotional,promotionals,,,,,,,,,
promptly,promptly,,,,,,,,,,
proofread,proofread,proofreads,proofreaded,proofreading,proofreadings,,,,,,
proton,proton,protons,,,,,,,,,
publicize,publicize,publicizes,publicized,publicizing,publicise,publicises,publicised,publicising,publicisings,,
punctual,punctual,punctuals,,,,,,,,,
purser,purser,pursers,,,,,,,,,
qualitative,qualitative,,,,,,,,,,
quantum,quantum,,,,,,,,,,
quiz,quiz,quizs,quizzes,quizzed,quizzing,quizzings,,,,,
radar,radar,radars,,,,,,,,,
radius,radius,radii,,,,,,,,,
raincoat,raincoat,raincoats,,,,,,,,,
rainfall,rainfall,rainfalls,,,,,,,,,
rainy,rainy,rainier,rainiest,,,,,,,,
randomize,randomize,randomizes,randomized,randomizing,randomise,randomises,randomised,randomising,randomisings,,
randomly,randomly,,,,,,,,,,
rationality,rationality,rationalities,,,,,,,,,
reactive,reactive,,,,,,,,,,
reactor,reactor,reactors,,,,,,,,,
realism,realism,realisms,,,,,,,,,
realtor,realtor,realtors,,,,,,,,,
rearrange,rearrange,rearranges,rearranged,rearranging,rearrangings,,,,,,
rebate,rebate,rebates,rebated,rebating,rebatings,,,,,,
receptionist,receptionist,receptionists,,,,,,,,,
receptor,receptor,receptors,,,,,,,,,
reconsider,reconsider,reconsiders,reconsidered,reconsidering,reconsiderings,,,,,,
reconstruct,reconstruct,reconstructs,reconstructed,reconstructing,reconstructings,,,,,,
recreation,recreation,recreations,,,,,,,,,
recreational,recreational,recreationals,,,,,,,,,
recruiter,recruiter,recruiters,,,,,,,,,
recur,recur,recurs,recurred,recurring,recurrings,,,,,,
redecorate,redecorate,redecorates,redecorated,redecorating,redecoratings,,,,,,
redesign,redesign,redesigns,redesigned,redesigning,redesignings,,,,,,
referral,referral,referrals,,,,,,,,,
refinery,refinery,refineries,,,,,,,,,
reflexive,reflexive,reflexives,,,,,,,,,
refreshment,refreshment,refreshments,,,,,,,,,
refrigerator,refrigerator,refrigerators,,,,,,,,,
refund,refund,refunds,refunded,refunding,refundings,,,,,,
refundable,refundable,refundables,,,,,,,,,
regression,regression,regressions,,,,,,,,,
rehabilitation,rehabilitation,rehabilitations,,,,,,,,,
rehearse,rehearse,rehearses,rehearsed,rehearsing,rehearsings,,,,,,
reimburse,reimburse,reimburses,reimbursed,reimbursing,reimbursings,,,,,,
reimbursement,reimbursement,reimbursements,,,,,,,,,
relocate,relocate,relocates,relocated,relocating,relocatings,,,,,,
relocation,relocation,relocations,,,,,,,,,
remodel,remodel,remodels,remodeled,remodeling,remodelled,remodelling,remodellings,,,,
renovate,renovate,renovates,renovated,renovating,renovatings,,,,,,
renovation,renovation,renovations,,,,,,,,,
renown,renown,renowned,,,,,,,,,
renter,renter,renters,,,,,,,,,
reopen,reopen,reopens,reopened,reopening,reopenings,,,,,,
repairperson,repairperson,,,,,,,,,,
replication,replication,replications,,,,,,,,,
reschedule,reschedule,reschedules,rescheduled,rescheduling,reschedulings,,,,,,
residual,residual,residuals,,,,,,,,,
residue,residue,residues,,,,,,,,,
resistant,resistant,,,,,,,,,,
respiratory,respiratory,,,,,,,,,,
restatement,restatement,restatements,,,,,,,,,
restroom,restroom,restrooms,,,,,,,,,
reunion,reunion,reunions,,,,,,,,,
reviewer,reviewer,reviewers,,,,,,,,,
revolutionize,revolutionize,revolutionizes,revolutionized,revolutionizing,revolutionise,revolutionises,revolutionised,revolutionising,revolutionisings,,
rug,rug,rugs,,,,,,,,,
r�sum�,r�sum�,r�sum�s,resum�,resum�s,,,,,,,
salesman,salesman,salesmen,,,,,,,,,
salespeople,salespeople,,,,,,,,,,
salesperson,salesperson,salespersons,,,,,,,,,
salon,salon,salons,,,,,,,,,
sauna,sauna,saunas,,,,,,,,,
scarf,scarf,scarves,scarfs,,,,,,,,
scripture,scripture,scriptures,,,,,,,,,
scroll,scroll,scrolls,scrolled,scrolling,scrollings,,,,,,
seafood,seafood,seafoods,,,,,,,,,
seaside,seaside,seasides,,,,,,,,,
seasonal,seasonal,seasonals,,,,,,,,,
secrete,secrete,secretes,secreted,secreting,secretings,,,,,,
sedan,sedan,sedans,,,,,,,,,
sediment,sediment,sediments,sedimented,sedimenting,sedimentings,,,,,,
seeker,seeker,seekers,,,,,,,,,
semester,semester,semesters,,,,,,,,,
semi,semi,,,,,,,,,,
sender,sender,senders,,,,,,,,,
sensory,sensory,,,,,,,,,,
sewer,sewer,sewers,,,,,,,,,
shipment,shipment,shipments,,,,,,,,,
shopper,shopper,shoppers,,,,,,,,,
shorten,shorten,shortens,shortened,shortening,shortenings,,,,,,
showroom,showroom,showrooms,,,,,,,,,
sidewalk,sidewalk,sidewalks,,,,,,,,,
sightsee,sightsee,sightsees,sightseeing,sightsaw,sightseen,sightseeings,,,,,
signify,signify,signifies,signified,signifying,signifyings,,,,,,
silently,silently,,,,,,,,,,
simulate,simulate,simulates,simulated,simulating,simulatings,,,,,,
singular,singular,singulars,,,,,,,,,
skateboard,skateboard,skateboards,skateboarded,skateboarding,skateboardings,,,,,,
skim,skim,skims,skimmed,skimming,skimmings,,,,,,
slab,slab,slabs,slabed,slabing,slabings,,,,,,
slash,slash,slashes,slashed,slashing,slashings,,,,,,
sleepy,sleepy,sleepier,,,,,,,,,
smartphone,smartphone,smartphones,smartphoned,smartphoning,smartphonings,,,,,,
sneeze,sneeze,sneezes,sneezed,sneezing,sneezings,,,,,,
snowy,snowy,snowiest,,,,,,,,,
socialize,socialize,socializes,socialized,socializing,socialise,socialises,socialised,socialising,socialisings,,
sodium,sodium,sodiums,,,,,,,,,
soluble,soluble,solubles,,,,,,,,,
solute,solute,solutes,,,,,,,,,
solvent,solvent,solvents,,,,,,,,,
someday,someday,somedays,,,,,,,,,
spa,spa,spas,,,,,,,,,
spacious,spacious,,,,,,,,,,
spam,spam,spams,spammed,spamming,spammings,,,,,,
spatial,spatial,spatials,,,,,,,,,
splice,splice,splices,spliced,splicing,splicings,,,,,,
spokesperson,spokesperson,spokespersons,spokespeople,,,,,,,,
sponsorship,sponsorship,sponsorships,,,,,,,,,
spreadsheet,spreadsheet,spreadsheets,,,,,,,,,
staple,staple,staples,stapled,stapling,staplings,,,,,,
stapler,stapler,staplers,,,,,,,,,
stationery,stationery,,,,,,,,,,
statistically,statistically,,,,,,,,,,
statistics,statistics,,,,,,,,,,
steak,steak,steaks,,,,,,,,,
stereo,stereo,stereos,,,,,,,,,
sticker,sticker,stickers,,,,,,,,,
stockbroker,stockbroker,stockbrokers,,,,,,,,,
stockholder,stockholder,stockholders,,,,,,,,,
storeroom,storeroom,storerooms,,,,,,,,,
streamline,streamline,streamlines,streamlined,streamlining,streamlinings,,,,,,
subscribe,subscribe,subscribes,subscribed,subscribing,subscribings,,,,,,
subscriber,subscriber,subscribers,,,,,,,,,
subset,subset,subsets,,,,,,,,,
subsidize,subsidize,subsidizes,subsidized,subsidizing,subsidise,subsidises,subsidised,subsidising,subsidisings,,
substitution,substitution,substitutions,,,,,,,,,
substrate,substrate,substrates,,,,,,,,,
subtract,subtract,subtracts,subtracted,subtracting,subtractings,,,,,,
subway,subway,subways,,,,,,,,,
sunscreen,sunscreen,sunscreens,,,,,,,,,
surgical,surgical,surgicals,,,,,,,,,
susceptible,susceptible,susceptibles,,,,,,,,,
syllabus,syllabus,syllabi,syllabuses,,,,,,,,
syntactic,syntactic,syntactics,,,,,,,,,
syntax,syntax,,,,,,,,,,
synthesis,synthesis,syntheses,,,,,,,,,
synthetic,synthetic,synthetics,,,,,,,,,
tablecloth,tablecloth,tablecloths,,,,,,,,,
tablet,tablet,tablets,,,,,,,,,
takeover,takeover,takeovers,,,,,,,,,
taker,taker,takers,,,,,,,,,
tasty,tasty,tastier,tastiest,,,,,,,,
technician,technician,technicians,,,,,,,,,
teller,teller,tellers,,,,,,,,,
temporal,temporal,temporals,,,,,,,,,
termination,termination,terminations,,,,,,,,,
terminology,terminology,terminologies,,,,,,,,,
theorem,theorem,theorems,,,,,,,,,
theorist,theorist,theorists,,,,,,,,,
thermal,thermal,thermals,,,,,,,,,
thickness,thickness,thicknesses,,,,,,,,,
thirsty,thirsty,thirstier,thirstiest,,,,,,,,
thunderstorm,thunderstorm,thunderstorms,,,,,,,,,
timeline,timeline,timelines,,,,,,,,,
timely,timely,,,,,,,,,,
timer,timer,timers,,,,,,,,,
toiletry,toiletry,toiletries,,,,,,,,,
toner,toner,toners,,,,,,,,,
tow,tow,tows,towed,towing,towings,,,,,,
tract,tract,tracts,,,,,,,,,
trademark,trademark,trademarks,,,,,,,,,
trajectory,trajectory,trajectories,,,,,,,,,
trans,trans,,,,,,,,,,
transcribe,transcribe,transcribes,transcribed,transcribing,transcribings,,,,,,
transcription,transcription,transcriptions,,,,,,,,,
transit,transit,transits,transited,transiting,transitings,,,,,,
transparency,transparency,transparencies,,,,,,,,,
triangle,triangle,triangles,,,,,,,,,
trivial,trivial,trivials,,,,,,,,,
true,true,trues,trued,truing,truer,truest,,,,,
tuna,tuna,tunas,,,,,,,,,
turbulent,turbulent,,,,,,,,,,
unattended,unattended,,,,,,,,,,
unauthorize,unauthorize,unauthorizes,unauthorized,unauthorizing,unauthorizings,unauthorise,unauthorised,unauthorising,,,
unavailable,unavailable,unavailables,,,,,,,,,
underway,underway,underways,,,,,,,,,
unlimited,unlimited,,,,,,,,,,
unload,unload,unloads,unloaded,unloading,unloadings,,,,,,
unpaid,unpaid,,,,,,,,,,
unplug,unplug,unplugs,unpluged,unpluging,unplugings,unplugged,unplugging,unpluggings,,,
unreal,unreal,unreals,,,,,,,,,
unreliable,unreliable,unreliables,,,,,,,,,
unspecified,unspecified,,,,,,,,,,
unstable,unstable,unstables,,,,,,,,,
unsure,unsure,,,,,,,,,,
unused,unused,,,,,,,,,,
upcoming,upcoming,upcomings,,,,,,,,,
uplift,uplift,uplifts,uplifted,uplifting,upliftings,,,,,,
urgently,urgently,,,,,,,,,,
urine,urine,,,,,,,,,,
vacancy,vacancy,vacancies,,,,,,,,,
vacant,vacant,vacants,,,,,,,,,
vacate,vacate,vacates,vacated,vacating,vacatings,,,,,,
validate,validate,validates,validated,validating,validatings,,,,,,
vanilla,vanilla,,,,,,,,,,
variability,variability,variabilities,,,,,,,,,
variance,variance,variances,,,,,,,,,
vase,vase,vases,,,,,,,,,
vector,vector,vectors,,,,,,,,,
vegetation,vegetation,,,,,,,,,,
vend,vend,vends,vended,vending,vendings,,,,,,
videoconference,videoconference,videoconferences,videoconferenced,videoconferencing,videoconferencings,,,,,,
violin,violin,violins,,,,,,,,,
visa,visa,visas,,,,,,,,,
volition,volition,volitions,,,,,,,,,
volleyball,volleyball,volleyballs,,,,,,,,,
voucher,voucher,vouchers,,,,,,,,,
waitress,waitress,waitresses,waitressed,waitressing,waitressings,,,,,,
waive,waive,waives,waived,waiving,waivings,,,,,,
walkway,walkway,walkways,,,,,,,,,
wallet,wallet,wallets,,,,,,,,,
watershed,watershed,watersheds,,,,,,,,,
wavelength,wavelength,wavelengths,,,,,,,,,
webpage,webpage,webpages,web-page,web-pages,web page,web pages,,,,,
weekday,weekday,weekdays,,,,,,,,,
wellness,wellness,,,,,,,,,,
wheelchair,wheelchair,wheelchairs,,,,,,,,,
whichever,whichever,whichevers,,,,,,,,,
windy,windy,windier,windiest,,,,,,,,
wisely,wisely,,,,,,,,,,
workbook,workbook,workbooks,,,,,,,,,
wrinkle,wrinkle,wrinkles,wrinkled,wrinkling,wrinklings,,,,,,
wristwatch,wristwatch,wristwatches,,,,,,,,,
yearly,yearly,,,,,,,,,,
yeast,yeast,yeasts,,,,,,,,,
yen,yen,yens,,,,,,,,,
yoga,yoga,yogas,,,,,,,,,
